customer_id,customer_name,age,email
1,Customer_1,25,user1@example.com
2,Customer_2,22,user2@example.com
3,Customer_3,46,user3@example.com
4,Customer_4,19,user4@example.com
5,Customer_5,46,user5@example.com
6,Customer_6,51,user6@example.com
7,Customer_7,57,user7@example.com
8,Customer_8,61,user8@example.com
9,Customer_9,19,user9@example.com
10,Customer_10,45,user10@example.com
11,Customer_11,44,user11@example.com
12,Customer_12,65,user12@example.com
13,Customer_13,54,user13@example.com
14,Customer_14,45,user14@example.com
15,Customer_15,55,user15@example.com
16,Customer_16,23,user16@example.com
17,Customer_17,51,user17@example.com
18,Customer_18,22,user18@example.com
19,Customer_19,23,user19@example.com
20,Customer_20,21,user20@example.com
21,Customer_21,43,user21@example.com
22,Customer_22,54,user22@example.com
23,Customer_23,69,user23@example.com
24,Customer_24,55,user24@example.com
25,Customer_25,61,user25@example.com
26,Customer_26,34,user26@example.com
27,Customer_27,18,user27@example.com
28,Customer_28,45,user28@example.com
29,Customer_29,27,user29@example.com
30,Customer_30,40,user30@example.com
31,Customer_31,22,user31@example.com
32,Customer_32,67,user32@example.com
33,Customer_33,61,user33@example.com
34,Customer_34,69,user34@example.com
35,Customer_35,47,user35@example.com
36,Customer_36,35,user36@example.com
37,Customer_37,63,user37@example.com
38,Customer_38,46,user38@example.com
39,Customer_39,36,user39@example.com
40,Customer_40,26,user40@example.com
41,Customer_41,64,user41@example.com
42,Customer_42,41,user42@example.com
43,Customer_43,47,user43@example.com
44,Customer_44,50,user44@example.com
45,Customer_45,20,user45@example.com
46,Customer_46,38,user46@example.com
47,Customer_47,58,user47@example.com
48,Customer_48,67,user48@example.com
49,Customer_49,47,user49@example.com
50,Customer_50,48,user50@example.com
51,Customer_51,52,user51@example.com
52,Customer_52,36,user52@example.com
53,Customer_53,31,user53@example.com
54,Customer_54,21,user54@example.com
55,Customer_55,48,user55@example.com
56,Customer_56,32,user56@example.com
57,Customer_57,69,user57@example.com
58,Customer_58,38,user58@example.com
59,Customer_59,45,user59@example.com
60,Customer_60,46,user60@example.com
61,Customer_61,43,user61@example.com
62,Customer_62,52,user62@example.com
63,Customer_63,19,user63@example.com
64,Customer_64,53,user64@example.com
65,Customer_65,48,user65@example.com
66,Customer_66,35,user66@example.com
67,Customer_67,66,user67@example.com
68,Customer_68,33,user68@example.com
69,Customer_69,23,user69@example.com
70,Customer_70,23,user70@example.com
71,Customer_71,26,user71@example.com
72,Customer_72,54,user72@example.com
73,Customer_73,53,user73@example.com
74,Customer_74,56,user74@example.com
75,Customer_75,41,user75@example.com
76,Customer_76,44,user76@example.com
77,Customer_77,24,user77@example.com
78,Customer_78,40,user78@example.com
79,Customer_79,58,user79@example.com
80,Customer_80,37,user80@example.com
81,Customer_81,33,user81@example.com
82,Customer_82,52,user82@example.com
83,Customer_83,49,user83@example.com
84,Customer_84,39,user84@example.com
85,Customer_85,48,user85@example.com
86,Customer_86,53,user86@example.com
87,Customer_87,37,user87@example.com
88,Customer_88,43,user88@example.com
89,Customer_89,48,user89@example.com
90,Customer_90,37,user90@example.com
91,Customer_91,59,user91@example.com
92,Customer_92,41,user92@example.com
93,Customer_93,32,user93@example.com
94,Customer_94,35,user94@example.com
95,Customer_95,58,user95@example.com
96,Customer_96,69,user96@example.com
97,Customer_97,64,user97@example.com
98,Customer_98,56,user98@example.com
99,Customer_99,48,user99@example.com
100,Customer_100,36,user100@example.com
101,Customer_101,55,user101@example.com
102,Customer_102,49,user102@example.com
103,Customer_103,56,user103@example.com
104,Customer_104,55,user104@example.com
105,Customer_105,32,user105@example.com
106,Customer_106,57,user106@example.com
107,Customer_107,48,user107@example.com
108,Customer_108,42,user108@example.com
109,Customer_109,50,user109@example.com
110,Customer_110,42,user110@example.com
111,Customer_111,24,user111@example.com
112,Customer_112,26,user112@example.com
113,Customer_113,34,user113@example.com
114,Customer_114,64,user114@example.com
115,Customer_115,41,user115@example.com
116,Customer_116,19,user116@example.com
117,Customer_117,29,user117@example.com
118,Customer_118,35,user118@example.com
119,Customer_119,46,user119@example.com
120,Customer_120,20,user120@example.com
121,Customer_121,47,user121@example.com
122,Customer_122,47,user122@example.com
123,Customer_123,34,user123@example.com
124,Customer_124,62,user124@example.com
125,Customer_125,49,user125@example.com
126,Customer_126,33,user126@example.com
127,Customer_127,30,user127@example.com
128,Customer_128,38,user128@example.com
129,Customer_129,26,user129@example.com
130,Customer_130,66,user130@example.com
131,Customer_131,42,user131@example.com
132,Customer_132,34,user132@example.com
133,Customer_133,46,user133@example.com
134,Customer_134,21,user134@example.com
135,Customer_135,45,user135@example.com
136,Customer_136,50,user136@example.com
137,Customer_137,51,user137@example.com
138,Customer_138,53,user138@example.com
139,Customer_139,51,user139@example.com
140,Customer_140,22,user140@example.com
141,Customer_141,24,user141@example.com
142,Customer_142,41,user142@example.com
143,Customer_143,60,user143@example.com
144,Customer_144,42,user144@example.com
145,Customer_145,51,user145@example.com
146,Customer_146,21,user146@example.com
147,Customer_147,60,user147@example.com
148,Customer_148,49,user148@example.com
149,Customer_149,28,user149@example.com
150,Customer_150,26,user150@example.com
151,Customer_151,65,user151@example.com
152,Customer_152,43,user152@example.com
153,Customer_153,57,user153@example.com
154,Customer_154,58,user154@example.com
155,Customer_155,66,user155@example.com
156,Customer_156,41,user156@example.com
157,Customer_157,48,user157@example.com
158,Customer_158,34,user158@example.com
159,Customer_159,19,user159@example.com
160,Customer_160,49,user160@example.com
161,Customer_161,34,user161@example.com
162,Customer_162,28,user162@example.com
163,Customer_163,62,user163@example.com
164,Customer_164,18,user164@example.com
165,Customer_165,62,user165@example.com
166,Customer_166,41,user166@example.com
167,Customer_167,41,user167@example.com
168,Customer_168,26,user168@example.com
169,Customer_169,23,user169@example.com
170,Customer_170,28,user170@example.com
171,Customer_171,57,user171@example.com
172,Customer_172,54,user172@example.com
173,Customer_173,36,user173@example.com
174,Customer_174,29,user174@example.com
175,Customer_175,49,user175@example.com
176,Customer_176,20,user176@example.com
177,Customer_177,58,user177@example.com
178,Customer_178,26,user178@example.com
179,Customer_179,33,user179@example.com
180,Customer_180,19,user180@example.com
181,Customer_181,68,user181@example.com
182,Customer_182,49,user182@example.com
183,Customer_183,50,user183@example.com
184,Customer_184,54,user184@example.com
185,Customer_185,39,user185@example.com
186,Customer_186,49,user186@example.com
187,Customer_187,42,user187@example.com
188,Customer_188,30,user188@example.com
189,Customer_189,64,user189@example.com
190,Customer_190,45,user190@example.com
191,Customer_191,47,user191@example.com
192,Customer_192,38,user192@example.com
193,Customer_193,18,user193@example.com
194,Customer_194,25,user194@example.com
195,Customer_195,54,user195@example.com
196,Customer_196,44,user196@example.com
197,Customer_197,54,user197@example.com
198,Customer_198,18,user198@example.com
199,Customer_199,33,user199@example.com
200,Customer_200,65,user200@example.com
201,Customer_201,63,user201@example.com
202,Customer_202,49,user202@example.com
203,Customer_203,56,user203@example.com
204,Customer_204,36,user204@example.com
205,Customer_205,26,user205@example.com
206,Customer_206,52,user206@example.com
207,Customer_207,38,user207@example.com
208,Customer_208,65,user208@example.com
209,Customer_209,22,user209@example.com
210,Customer_210,61,user210@example.com
211,Customer_211,34,user211@example.com
212,Customer_212,55,user212@example.com
213,Customer_213,63,user213@example.com
214,Customer_214,60,user214@example.com
215,Customer_215,18,user215@example.com
216,Customer_216,33,user216@example.com
217,Customer_217,20,user217@example.com
218,Customer_218,23,user218@example.com
219,Customer_219,68,user219@example.com
220,Customer_220,51,user220@example.com
221,Customer_221,48,user221@example.com
222,Customer_222,36,user222@example.com
223,Customer_223,34,user223@example.com
224,Customer_224,35,user224@example.com
225,Customer_225,26,user225@example.com
226,Customer_226,24,user226@example.com
227,Customer_227,61,user227@example.com
228,Customer_228,61,user228@example.com
229,Customer_229,59,user229@example.com
230,Customer_230,40,user230@example.com
231,Customer_231,23,user231@example.com
232,Customer_232,54,user232@example.com
233,Customer_233,22,user233@example.com
234,Customer_234,22,user234@example.com
235,Customer_235,56,user235@example.com
236,Customer_236,52,user236@example.com
237,Customer_237,55,user237@example.com
238,Customer_238,56,user238@example.com
239,Customer_239,52,user239@example.com
240,Customer_240,67,user240@example.com
241,Customer_241,61,user241@example.com
242,Customer_242,40,user242@example.com
243,Customer_243,36,user243@example.com
244,Customer_244,68,user244@example.com
245,Customer_245,36,user245@example.com
246,Customer_246,32,user246@example.com
247,Customer_247,42,user247@example.com
248,Customer_248,33,user248@example.com
249,Customer_249,46,user249@example.com
250,Customer_250,67,user250@example.com
251,Customer_251,57,user251@example.com
252,Customer_252,27,user252@example.com
253,Customer_253,59,user253@example.com
254,Customer_254,50,user254@example.com
255,Customer_255,61,user255@example.com
256,Customer_256,36,user256@example.com
257,Customer_257,46,user257@example.com
258,Customer_258,49,user258@example.com
259,Customer_259,32,user259@example.com
260,Customer_260,47,user260@example.com
261,Customer_261,54,user261@example.com
262,Customer_262,59,user262@example.com
263,Customer_263,18,user263@example.com
264,Customer_264,42,user264@example.com
265,Customer_265,29,user265@example.com
266,Customer_266,49,user266@example.com
267,Customer_267,24,user267@example.com
268,Customer_268,22,user268@example.com
269,Customer_269,51,user269@example.com
270,Customer_270,33,user270@example.com
271,Customer_271,25,user271@example.com
272,Customer_272,57,user272@example.com
273,Customer_273,61,user273@example.com
274,Customer_274,68,user274@example.com
275,Customer_275,61,user275@example.com
276,Customer_276,43,user276@example.com
277,Customer_277,43,user277@example.com
278,Customer_278,66,user278@example.com
279,Customer_279,55,user279@example.com
280,Customer_280,37,user280@example.com
281,Customer_281,60,user281@example.com
282,Customer_282,56,user282@example.com
283,Customer_283,68,user283@example.com
284,Customer_284,21,user284@example.com
285,Customer_285,50,user285@example.com
286,Customer_286,55,user286@example.com
287,Customer_287,32,user287@example.com
288,Customer_288,36,user288@example.com
289,Customer_289,56,user289@example.com
290,Customer_290,34,user290@example.com
291,Customer_291,49,user291@example.com
292,Customer_292,23,user292@example.com
293,Customer_293,54,user293@example.com
294,Customer_294,37,user294@example.com
295,Customer_295,67,user295@example.com
296,Customer_296,43,user296@example.com
297,Customer_297,32,user297@example.com
298,Customer_298,58,user298@example.com
299,Customer_299,48,user299@example.com
300,Customer_300,64,user300@example.com
301,Customer_301,27,user301@example.com
302,Customer_302,22,user302@example.com
303,Customer_303,43,user303@example.com
304,Customer_304,57,user304@example.com
305,Customer_305,69,user305@example.com
306,Customer_306,26,user306@example.com
307,Customer_307,59,user307@example.com
308,Customer_308,38,user308@example.com
309,Customer_309,68,user309@example.com
310,Customer_310,45,user310@example.com
311,Customer_311,42,user311@example.com
312,Customer_312,62,user312@example.com
313,Customer_313,29,user313@example.com
314,Customer_314,56,user314@example.com
315,Customer_315,54,user315@example.com
316,Customer_316,59,user316@example.com
317,Customer_317,56,user317@example.com
318,Customer_318,43,user318@example.com
319,Customer_319,28,user319@example.com
320,Customer_320,30,user320@example.com
321,Customer_321,56,user321@example.com
322,Customer_322,49,user322@example.com
323,Customer_323,69,user323@example.com
324,Customer_324,48,user324@example.com
325,Customer_325,39,user325@example.com
326,Customer_326,21,user326@example.com
327,Customer_327,19,user327@example.com
328,Customer_328,65,user328@example.com
329,Customer_329,28,user329@example.com
330,Customer_330,56,user330@example.com
331,Customer_331,27,user331@example.com
332,Customer_332,37,user332@example.com
333,Customer_333,40,user333@example.com
334,Customer_334,18,user334@example.com
335,Customer_335,33,user335@example.com
336,Customer_336,54,user336@example.com
337,Customer_337,27,user337@example.com
338,Customer_338,52,user338@example.com
339,Customer_339,62,user339@example.com
340,Customer_340,58,user340@example.com
341,Customer_341,60,user341@example.com
342,Customer_342,32,user342@example.com
343,Customer_343,29,user343@example.com
344,Customer_344,33,user344@example.com
345,Customer_345,63,user345@example.com
346,Customer_346,53,user346@example.com
347,Customer_347,41,user347@example.com
348,Customer_348,32,user348@example.com
349,Customer_349,30,user349@example.com
350,Customer_350,41,user350@example.com
351,Customer_351,29,user351@example.com
352,Customer_352,45,user352@example.com
353,Customer_353,55,user353@example.com
354,Customer_354,59,user354@example.com
355,Customer_355,50,user355@example.com
356,Customer_356,20,user356@example.com
357,Customer_357,25,user357@example.com
358,Customer_358,31,user358@example.com
359,Customer_359,19,user359@example.com
360,Customer_360,58,user360@example.com
361,Customer_361,58,user361@example.com
362,Customer_362,67,user362@example.com
363,Customer_363,57,user363@example.com
364,Customer_364,44,user364@example.com
365,Customer_365,48,user365@example.com
366,Customer_366,36,user366@example.com
367,Customer_367,22,user367@example.com
368,Customer_368,27,user368@example.com
369,Customer_369,63,user369@example.com
370,Customer_370,34,user370@example.com
371,Customer_371,18,user371@example.com
372,Customer_372,57,user372@example.com
373,Customer_373,53,user373@example.com
374,Customer_374,42,user374@example.com
375,Customer_375,66,user375@example.com
376,Customer_376,66,user376@example.com
377,Customer_377,59,user377@example.com
378,Customer_378,41,user378@example.com
379,Customer_379,61,user379@example.com
380,Customer_380,22,user380@example.com
381,Customer_381,59,user381@example.com
382,Customer_382,63,user382@example.com
383,Customer_383,44,user383@example.com
384,Customer_384,35,user384@example.com
385,Customer_385,34,user385@example.com
386,Customer_386,60,user386@example.com
387,Customer_387,47,user387@example.com
388,Customer_388,19,user388@example.com
389,Customer_389,28,user389@example.com
390,Customer_390,54,user390@example.com
391,Customer_391,36,user391@example.com
392,Customer_392,20,user392@example.com
393,Customer_393,42,user393@example.com
394,Customer_394,69,user394@example.com
395,Customer_395,24,user395@example.com
396,Customer_396,22,user396@example.com
397,Customer_397,58,user397@example.com
398,Customer_398,50,user398@example.com
399,Customer_399,32,user399@example.com
400,Customer_400,42,user400@example.com
401,Customer_401,31,user401@example.com
402,Customer_402,24,user402@example.com
403,Customer_403,35,user403@example.com
404,Customer_404,45,user404@example.com
405,Customer_405,39,user405@example.com
406,Customer_406,28,user406@example.com
407,Customer_407,26,user407@example.com
408,Customer_408,60,user408@example.com
409,Customer_409,29,user409@example.com
410,Customer_410,62,user410@example.com
411,Customer_411,19,user411@example.com
412,Customer_412,42,user412@example.com
413,Customer_413,41,user413@example.com
414,Customer_414,63,user414@example.com
415,Customer_415,42,user415@example.com
416,Customer_416,65,user416@example.com
417,Customer_417,54,user417@example.com
418,Customer_418,54,user418@example.com
419,Customer_419,47,user419@example.com
420,Customer_420,60,user420@example.com
421,Customer_421,19,user421@example.com
422,Customer_422,24,user422@example.com
423,Customer_423,66,user423@example.com
424,Customer_424,21,user424@example.com
425,Customer_425,48,user425@example.com
426,Customer_426,46,user426@example.com
427,Customer_427,49,user427@example.com
428,Customer_428,69,user428@example.com
429,Customer_429,18,user429@example.com
430,Customer_430,31,user430@example.com
431,Customer_431,31,user431@example.com
432,Customer_432,41,user432@example.com
433,Customer_433,55,user433@example.com
434,Customer_434,60,user434@example.com
435,Customer_435,34,user435@example.com
436,Customer_436,58,user436@example.com
437,Customer_437,27,user437@example.com
438,Customer_438,23,user438@example.com
439,Customer_439,63,user439@example.com
440,Customer_440,59,user440@example.com
441,Customer_441,23,user441@example.com
442,Customer_442,34,user442@example.com
443,Customer_443,49,user443@example.com
444,Customer_444,51,user444@example.com
445,Customer_445,29,user445@example.com
446,Customer_446,44,user446@example.com
447,Customer_447,55,user447@example.com
448,Customer_448,66,user448@example.com
449,Customer_449,23,user449@example.com
450,Customer_450,42,user450@example.com
451,Customer_451,34,user451@example.com
452,Customer_452,30,user452@example.com
453,Customer_453,18,user453@example.com
454,Customer_454,58,user454@example.com
455,Customer_455,20,user455@example.com
456,Customer_456,40,user456@example.com
457,Customer_457,35,user457@example.com
458,Customer_458,27,user458@example.com
459,Customer_459,36,user459@example.com
460,Customer_460,52,user460@example.com
461,Customer_461,23,user461@example.com
462,Customer_462,37,user462@example.com
463,Customer_463,54,user463@example.com
464,Customer_464,29,user464@example.com
465,Customer_465,24,user465@example.com
466,Customer_466,26,user466@example.com
467,Customer_467,53,user467@example.com
468,Customer_468,20,user468@example.com
469,Customer_469,33,user469@example.com
470,Customer_470,43,user470@example.com
471,Customer_471,29,user471@example.com
472,Customer_472,24,user472@example.com
473,Customer_473,41,user473@example.com
474,Customer_474,50,user474@example.com
475,Customer_475,24,user475@example.com
476,Customer_476,57,user476@example.com
477,Customer_477,37,user477@example.com
478,Customer_478,20,user478@example.com
479,Customer_479,29,user479@example.com
480,Customer_480,27,user480@example.com
481,Customer_481,18,user481@example.com
482,Customer_482,65,user482@example.com
483,Customer_483,47,user483@example.com
484,Customer_484,58,user484@example.com
485,Customer_485,62,user485@example.com
486,Customer_486,29,user486@example.com
487,Customer_487,26,user487@example.com
488,Customer_488,47,user488@example.com
489,Customer_489,30,user489@example.com
490,Customer_490,43,user490@example.com
491,Customer_491,51,user491@example.com
492,Customer_492,29,user492@example.com
493,Customer_493,28,user493@example.com
494,Customer_494,26,user494@example.com
495,Customer_495,50,user495@example.com
496,Customer_496,61,user496@example.com
497,Customer_497,37,user497@example.com
498,Customer_498,20,user498@example.com
499,Customer_499,30,user499@example.com
500,Customer_500,39,user500@example.com
501,Customer_501,49,user501@example.com
502,Customer_502,23,user502@example.com
503,Customer_503,68,user503@example.com
504,Customer_504,63,user504@example.com
505,Customer_505,23,user505@example.com
506,Customer_506,28,user506@example.com
507,Customer_507,42,user507@example.com
508,Customer_508,61,user508@example.com
509,Customer_509,37,user509@example.com
510,Customer_510,24,user510@example.com
511,Customer_511,55,user511@example.com
512,Customer_512,60,user512@example.com
513,Customer_513,46,user513@example.com
514,Customer_514,53,user514@example.com
515,Customer_515,60,user515@example.com
516,Customer_516,46,user516@example.com
517,Customer_517,22,user517@example.com
518,Customer_518,27,user518@example.com
519,Customer_519,20,user519@example.com
520,Customer_520,47,user520@example.com
521,Customer_521,56,user521@example.com
522,Customer_522,65,user522@example.com
523,Customer_523,42,user523@example.com
524,Customer_524,40,user524@example.com
525,Customer_525,24,user525@example.com
526,Customer_526,54,user526@example.com
527,Customer_527,23,user527@example.com
528,Customer_528,27,user528@example.com
529,Customer_529,38,user529@example.com
530,Customer_530,30,user530@example.com
531,Customer_531,52,user531@example.com
532,Customer_532,51,user532@example.com
533,Customer_533,64,user533@example.com
534,Customer_534,57,user534@example.com
535,Customer_535,60,user535@example.com
536,Customer_536,46,user536@example.com
537,Customer_537,68,user537@example.com
538,Customer_538,55,user538@example.com
539,Customer_539,37,user539@example.com
540,Customer_540,58,user540@example.com
541,Customer_541,62,user541@example.com
542,Customer_542,60,user542@example.com
543,Customer_543,34,user543@example.com
544,Customer_544,44,user544@example.com
545,Customer_545,19,user545@example.com
546,Customer_546,39,user546@example.com
547,Customer_547,50,user547@example.com
548,Customer_548,19,user548@example.com
549,Customer_549,37,user549@example.com
550,Customer_550,25,user550@example.com
551,Customer_551,25,user551@example.com
552,Customer_552,38,user552@example.com
553,Customer_553,69,user553@example.com
554,Customer_554,50,user554@example.com
555,Customer_555,39,user555@example.com
556,Customer_556,62,user556@example.com
557,Customer_557,67,user557@example.com
558,Customer_558,49,user558@example.com
559,Customer_559,39,user559@example.com
560,Customer_560,62,user560@example.com
561,Customer_561,31,user561@example.com
562,Customer_562,42,user562@example.com
563,Customer_563,67,user563@example.com
564,Customer_564,26,user564@example.com
565,Customer_565,48,user565@example.com
566,Customer_566,49,user566@example.com
567,Customer_567,33,user567@example.com
568,Customer_568,30,user568@example.com
569,Customer_569,69,user569@example.com
570,Customer_570,41,user570@example.com
571,Customer_571,54,user571@example.com
572,Customer_572,65,user572@example.com
573,Customer_573,32,user573@example.com
574,Customer_574,62,user574@example.com
575,Customer_575,23,user575@example.com
576,Customer_576,59,user576@example.com
577,Customer_577,26,user577@example.com
578,Customer_578,23,user578@example.com
579,Customer_579,57,user579@example.com
580,Customer_580,37,user580@example.com
581,Customer_581,43,user581@example.com
582,Customer_582,37,user582@example.com
583,Customer_583,18,user583@example.com
584,Customer_584,36,user584@example.com
585,Customer_585,65,user585@example.com
586,Customer_586,19,user586@example.com
587,Customer_587,46,user587@example.com
588,Customer_588,69,user588@example.com
589,Customer_589,18,user589@example.com
590,Customer_590,54,user590@example.com
591,Customer_591,63,user591@example.com
592,Customer_592,56,user592@example.com
593,Customer_593,29,user593@example.com
594,Customer_594,22,user594@example.com
595,Customer_595,30,user595@example.com
596,Customer_596,57,user596@example.com
597,Customer_597,53,user597@example.com
598,Customer_598,43,user598@example.com
599,Customer_599,53,user599@example.com
600,Customer_600,24,user600@example.com
601,Customer_601,62,user601@example.com
602,Customer_602,46,user602@example.com
603,Customer_603,48,user603@example.com
604,Customer_604,22,user604@example.com
605,Customer_605,47,user605@example.com
606,Customer_606,41,user606@example.com
607,Customer_607,56,user607@example.com
608,Customer_608,29,user608@example.com
609,Customer_609,45,user609@example.com
610,Customer_610,21,user610@example.com
611,Customer_611,52,user611@example.com
612,Customer_612,64,user612@example.com
613,Customer_613,24,user613@example.com
614,Customer_614,30,user614@example.com
615,Customer_615,34,user615@example.com
616,Customer_616,47,user616@example.com
617,Customer_617,33,user617@example.com
618,Customer_618,67,user618@example.com
619,Customer_619,43,user619@example.com
620,Customer_620,69,user620@example.com
621,Customer_621,41,user621@example.com
622,Customer_622,56,user622@example.com
623,Customer_623,62,user623@example.com
624,Customer_624,46,user624@example.com
625,Customer_625,21,user625@example.com
626,Customer_626,31,user626@example.com
627,Customer_627,39,user627@example.com
628,Customer_628,60,user628@example.com
629,Customer_629,45,user629@example.com
630,Customer_630,45,user630@example.com
631,Customer_631,41,user631@example.com
632,Customer_632,60,user632@example.com
633,Customer_633,40,user633@example.com
634,Customer_634,27,user634@example.com
635,Customer_635,42,user635@example.com
636,Customer_636,67,user636@example.com
637,Customer_637,34,user637@example.com
638,Customer_638,21,user638@example.com
639,Customer_639,51,user639@example.com
640,Customer_640,57,user640@example.com
641,Customer_641,18,user641@example.com
642,Customer_642,47,user642@example.com
643,Customer_643,25,user643@example.com
644,Customer_644,68,user644@example.com
645,Customer_645,58,user645@example.com
646,Customer_646,51,user646@example.com
647,Customer_647,58,user647@example.com
648,Customer_648,27,user648@example.com
649,Customer_649,61,user649@example.com
650,Customer_650,53,user650@example.com
651,Customer_651,34,user651@example.com
652,Customer_652,62,user652@example.com
653,Customer_653,57,user653@example.com
654,Customer_654,41,user654@example.com
655,Customer_655,49,user655@example.com
656,Customer_656,32,user656@example.com
657,Customer_657,59,user657@example.com
658,Customer_658,52,user658@example.com
659,Customer_659,64,user659@example.com
660,Customer_660,58,user660@example.com
661,Customer_661,40,user661@example.com
662,Customer_662,50,user662@example.com
663,Customer_663,30,user663@example.com
664,Customer_664,35,user664@example.com
665,Customer_665,25,user665@example.com
666,Customer_666,64,user666@example.com
667,Customer_667,62,user667@example.com
668,Customer_668,48,user668@example.com
669,Customer_669,51,user669@example.com
670,Customer_670,44,user670@example.com
671,Customer_671,31,user671@example.com
672,Customer_672,52,user672@example.com
673,Customer_673,52,user673@example.com
674,Customer_674,32,user674@example.com
675,Customer_675,42,user675@example.com
676,Customer_676,59,user676@example.com
677,Customer_677,49,user677@example.com
678,Customer_678,61,user678@example.com
679,Customer_679,19,user679@example.com
680,Customer_680,52,user680@example.com
681,Customer_681,51,user681@example.com
682,Customer_682,41,user682@example.com
683,Customer_683,35,user683@example.com
684,Customer_684,41,user684@example.com
685,Customer_685,55,user685@example.com
686,Customer_686,47,user686@example.com
687,Customer_687,23,user687@example.com
688,Customer_688,43,user688@example.com
689,Customer_689,52,user689@example.com
690,Customer_690,22,user690@example.com
691,Customer_691,37,user691@example.com
692,Customer_692,61,user692@example.com
693,Customer_693,62,user693@example.com
694,Customer_694,39,user694@example.com
695,Customer_695,46,user695@example.com
696,Customer_696,20,user696@example.com
697,Customer_697,50,user697@example.com
698,Customer_698,24,user698@example.com
699,Customer_699,22,user699@example.com
700,Customer_700,49,user700@example.com
701,Customer_701,43,user701@example.com
702,Customer_702,59,user702@example.com
703,Customer_703,69,user703@example.com
704,Customer_704,34,user704@example.com
705,Customer_705,23,user705@example.com
706,Customer_706,37,user706@example.com
707,Customer_707,30,user707@example.com
708,Customer_708,60,user708@example.com
709,Customer_709,20,user709@example.com
710,Customer_710,45,user710@example.com
711,Customer_711,29,user711@example.com
712,Customer_712,32,user712@example.com
713,Customer_713,38,user713@example.com
714,Customer_714,58,user714@example.com
715,Customer_715,49,user715@example.com
716,Customer_716,62,user716@example.com
717,Customer_717,54,user717@example.com
718,Customer_718,66,user718@example.com
719,Customer_719,23,user719@example.com
720,Customer_720,39,user720@example.com
721,Customer_721,24,user721@example.com
722,Customer_722,40,user722@example.com
723,Customer_723,65,user723@example.com
724,Customer_724,29,user724@example.com
725,Customer_725,20,user725@example.com
726,Customer_726,42,user726@example.com
727,Customer_727,54,user727@example.com
728,Customer_728,45,user728@example.com
729,Customer_729,45,user729@example.com
730,Customer_730,57,user730@example.com
731,Customer_731,37,user731@example.com
732,Customer_732,45,user732@example.com
733,Customer_733,42,user733@example.com
734,Customer_734,58,user734@example.com
735,Customer_735,59,user735@example.com
736,Customer_736,61,user736@example.com
737,Customer_737,56,user737@example.com
738,Customer_738,60,user738@example.com
739,Customer_739,23,user739@example.com
740,Customer_740,47,user740@example.com
741,Customer_741,47,user741@example.com
742,Customer_742,22,user742@example.com
743,Customer_743,46,user743@example.com
744,Customer_744,28,user744@example.com
745,Customer_745,20,user745@example.com
746,Customer_746,46,user746@example.com
747,Customer_747,29,user747@example.com
748,Customer_748,21,user748@example.com
749,Customer_749,22,user749@example.com
750,Customer_750,62,user750@example.com
751,Customer_751,46,user751@example.com
752,Customer_752,45,user752@example.com
753,Customer_753,57,user753@example.com
754,Customer_754,52,user754@example.com
755,Customer_755,20,user755@example.com
756,Customer_756,27,user756@example.com
757,Customer_757,37,user757@example.com
758,Customer_758,40,user758@example.com
759,Customer_759,48,user759@example.com
760,Customer_760,27,user760@example.com
761,Customer_761,59,user761@example.com
762,Customer_762,50,user762@example.com
763,Customer_763,44,user763@example.com
764,Customer_764,30,user764@example.com
765,Customer_765,68,user765@example.com
766,Customer_766,48,user766@example.com
767,Customer_767,40,user767@example.com
768,Customer_768,44,user768@example.com
769,Customer_769,31,user769@example.com
770,Customer_770,61,user770@example.com
771,Customer_771,50,user771@example.com
772,Customer_772,31,user772@example.com
773,Customer_773,65,user773@example.com
774,Customer_774,41,user774@example.com
775,Customer_775,20,user775@example.com
776,Customer_776,23,user776@example.com
777,Customer_777,59,user777@example.com
778,Customer_778,66,user778@example.com
779,Customer_779,20,user779@example.com
780,Customer_780,60,user780@example.com
781,Customer_781,38,user781@example.com
782,Customer_782,67,user782@example.com
783,Customer_783,69,user783@example.com
784,Customer_784,20,user784@example.com
785,Customer_785,65,user785@example.com
786,Customer_786,54,user786@example.com
787,Customer_787,55,user787@example.com
788,Customer_788,40,user788@example.com
789,Customer_789,23,user789@example.com
790,Customer_790,29,user790@example.com
791,Customer_791,57,user791@example.com
792,Customer_792,56,user792@example.com
793,Customer_793,18,user793@example.com
794,Customer_794,25,user794@example.com
795,Customer_795,27,user795@example.com
796,Customer_796,22,user796@example.com
797,Customer_797,28,user797@example.com
798,Customer_798,63,user798@example.com
799,Customer_799,34,user799@example.com
800,Customer_800,35,user800@example.com
801,Customer_801,23,user801@example.com
802,Customer_802,49,user802@example.com
803,Customer_803,52,user803@example.com
804,Customer_804,45,user804@example.com
805,Customer_805,69,user805@example.com
806,Customer_806,54,user806@example.com
807,Customer_807,18,user807@example.com
808,Customer_808,21,user808@example.com
809,Customer_809,66,user809@example.com
810,Customer_810,31,user810@example.com
811,Customer_811,22,user811@example.com
812,Customer_812,65,user812@example.com
813,Customer_813,31,user813@example.com
814,Customer_814,36,user814@example.com
815,Customer_815,29,user815@example.com
816,Customer_816,29,user816@example.com
817,Customer_817,20,user817@example.com
818,Customer_818,23,user818@example.com
819,Customer_819,46,user819@example.com
820,Customer_820,59,user820@example.com
821,Customer_821,30,user821@example.com
822,Customer_822,57,user822@example.com
823,Customer_823,57,user823@example.com
824,Customer_824,18,user824@example.com
825,Customer_825,52,user825@example.com
826,Customer_826,45,user826@example.com
827,Customer_827,18,user827@example.com
828,Customer_828,19,user828@example.com
829,Customer_829,30,user829@example.com
830,Customer_830,23,user830@example.com
831,Customer_831,51,user831@example.com
832,Customer_832,40,user832@example.com
833,Customer_833,18,user833@example.com
834,Customer_834,51,user834@example.com
835,Customer_835,30,user835@example.com
836,Customer_836,20,user836@example.com
837,Customer_837,50,user837@example.com
838,Customer_838,54,user838@example.com
839,Customer_839,19,user839@example.com
840,Customer_840,34,user840@example.com
841,Customer_841,54,user841@example.com
842,Customer_842,23,user842@example.com
843,Customer_843,24,user843@example.com
844,Customer_844,20,user844@example.com
845,Customer_845,62,user845@example.com
846,Customer_846,22,user846@example.com
847,Customer_847,61,user847@example.com
848,Customer_848,32,user848@example.com
849,Customer_849,34,user849@example.com
850,Customer_850,61,user850@example.com
851,Customer_851,25,user851@example.com
852,Customer_852,66,user852@example.com
853,Customer_853,60,user853@example.com
854,Customer_854,56,user854@example.com
855,Customer_855,51,user855@example.com
856,Customer_856,32,user856@example.com
857,Customer_857,66,user857@example.com
858,Customer_858,36,user858@example.com
859,Customer_859,41,user859@example.com
860,Customer_860,37,user860@example.com
861,Customer_861,30,user861@example.com
862,Customer_862,54,user862@example.com
863,Customer_863,24,user863@example.com
864,Customer_864,62,user864@example.com
865,Customer_865,35,user865@example.com
866,Customer_866,55,user866@example.com
867,Customer_867,32,user867@example.com
868,Customer_868,56,user868@example.com
869,Customer_869,48,user869@example.com
870,Customer_870,39,user870@example.com
871,Customer_871,34,user871@example.com
872,Customer_872,33,user872@example.com
873,Customer_873,66,user873@example.com
874,Customer_874,28,user874@example.com
875,Customer_875,21,user875@example.com
876,Customer_876,43,user876@example.com
877,Customer_877,68,user877@example.com
878,Customer_878,69,user878@example.com
879,Customer_879,62,user879@example.com
880,Customer_880,43,user880@example.com
881,Customer_881,53,user881@example.com
882,Customer_882,19,user882@example.com
883,Customer_883,29,user883@example.com
884,Customer_884,41,user884@example.com
885,Customer_885,68,user885@example.com
886,Customer_886,33,user886@example.com
887,Customer_887,56,user887@example.com
888,Customer_888,58,user888@example.com
889,Customer_889,52,user889@example.com
890,Customer_890,62,user890@example.com
891,Customer_891,52,user891@example.com
892,Customer_892,44,user892@example.com
893,Customer_893,63,user893@example.com
894,Customer_894,28,user894@example.com
895,Customer_895,60,user895@example.com
896,Customer_896,24,user896@example.com
897,Customer_897,69,user897@example.com
898,Customer_898,55,user898@example.com
899,Customer_899,44,user899@example.com
900,Customer_900,19,user900@example.com
901,Customer_901,27,user901@example.com
902,Customer_902,23,user902@example.com
903,Customer_903,35,user903@example.com
904,Customer_904,40,user904@example.com
905,Customer_905,54,user905@example.com
906,Customer_906,60,user906@example.com
907,Customer_907,39,user907@example.com
908,Customer_908,64,user908@example.com
909,Customer_909,45,user909@example.com
910,Customer_910,64,user910@example.com
911,Customer_911,31,user911@example.com
912,Customer_912,18,user912@example.com
913,Customer_913,34,user913@example.com
914,Customer_914,66,user914@example.com
915,Customer_915,27,user915@example.com
916,Customer_916,24,user916@example.com
917,Customer_917,29,user917@example.com
918,Customer_918,27,user918@example.com
919,Customer_919,53,user919@example.com
920,Customer_920,27,user920@example.com
921,Customer_921,35,user921@example.com
922,Customer_922,61,user922@example.com
923,Customer_923,23,user923@example.com
924,Customer_924,45,user924@example.com
925,Customer_925,18,user925@example.com
926,Customer_926,28,user926@example.com
927,Customer_927,62,user927@example.com
928,Customer_928,62,user928@example.com
929,Customer_929,68,user929@example.com
930,Customer_930,35,user930@example.com
931,Customer_931,29,user931@example.com
932,Customer_932,35,user932@example.com
933,Customer_933,67,user933@example.com
934,Customer_934,56,user934@example.com
935,Customer_935,24,user935@example.com
936,Customer_936,50,user936@example.com
937,Customer_937,69,user937@example.com
938,Customer_938,59,user938@example.com
939,Customer_939,22,user939@example.com
940,Customer_940,39,user940@example.com
941,Customer_941,39,user941@example.com
942,Customer_942,32,user942@example.com
943,Customer_943,37,user943@example.com
944,Customer_944,33,user944@example.com
945,Customer_945,23,user945@example.com
946,Customer_946,23,user946@example.com
947,Customer_947,59,user947@example.com
948,Customer_948,42,user948@example.com
949,Customer_949,54,user949@example.com
950,Customer_950,48,user950@example.com
951,Customer_951,25,user951@example.com
952,Customer_952,28,user952@example.com
953,Customer_953,65,user953@example.com
954,Customer_954,50,user954@example.com
955,Customer_955,33,user955@example.com
956,Customer_956,38,user956@example.com
957,Customer_957,27,user957@example.com
958,Customer_958,60,user958@example.com
959,Customer_959,54,user959@example.com
960,Customer_960,65,user960@example.com
961,Customer_961,50,user961@example.com
962,Customer_962,48,user962@example.com
963,Customer_963,45,user963@example.com
964,Customer_964,28,user964@example.com
965,Customer_965,47,user965@example.com
966,Customer_966,32,user966@example.com
967,Customer_967,29,user967@example.com
968,Customer_968,23,user968@example.com
969,Customer_969,52,user969@example.com
970,Customer_970,32,user970@example.com
971,Customer_971,67,user971@example.com
972,Customer_972,67,user972@example.com
973,Customer_973,38,user973@example.com
974,Customer_974,41,user974@example.com
975,Customer_975,68,user975@example.com
976,Customer_976,41,user976@example.com
977,Customer_977,51,user977@example.com
978,Customer_978,63,user978@example.com
979,Customer_979,39,user979@example.com
980,Customer_980,20,user980@example.com
981,Customer_981,36,user981@example.com
982,Customer_982,31,user982@example.com
983,Customer_983,69,user983@example.com
984,Customer_984,33,user984@example.com
985,Customer_985,35,user985@example.com
986,Customer_986,25,user986@example.com
987,Customer_987,37,user987@example.com
988,Customer_988,21,user988@example.com
989,Customer_989,46,user989@example.com
990,Customer_990,59,user990@example.com
991,Customer_991,41,user991@example.com
992,Customer_992,34,user992@example.com
993,Customer_993,27,user993@example.com
994,Customer_994,31,user994@example.com
995,Customer_995,33,user995@example.com
996,Customer_996,44,user996@example.com
997,Customer_997,26,user997@example.com
998,Customer_998,50,user998@example.com
999,Customer_999,43,user999@example.com
1000,Customer_1000,63,user1000@example.com
